epoch,train_loss,validation_loss,train_MAE,validation_MAE,train_RMSE,validation_RMSE,train_R2,validation_R2,lr
1,37.91830384103876,27.02218360900879,35.41725158691406,27.558195114135742,49.87894280702905,39.92143774222379,-0.7067766189575195,-0.17981600761413574,0.001
2,30.719227138318512,26.702506637573244,32.334388732910156,27.187435150146484,44.3615365249172,38.298078252721275,-0.350067138671875,-0.08581507205963135,0.001
3,32.89438066984478,25.735948181152345,31.91571807861328,26.209800720214844,43.53042275326677,38.10592984888884,-0.2999539375305176,-0.07494699954986572,0.001
4,28.943130141810368,26.38515739440918,30.448009490966797,26.887754440307617,40.91637247035485,34.411702707118764,-0.14851438999176025,0.12337428331375122,0.001
5,31.741426769055817,25.035358810424803,30.44354820251465,25.54159164428711,39.56375732352385,35.20398668774515,-0.07383418083190918,0.08254319429397583,0.001
6,29.796201404772308,24.638037872314452,28.589488983154297,25.17108154296875,37.807465121921524,33.54508466345144,0.019387781620025635,0.16697180271148682,0.001
7,26.63300925806949,25.614523887634277,28.08674430847168,26.11031723022461,38.94972470618374,37.98808663992568,-0.04076087474822998,-0.06830871105194092,0.001
8,30.38508435299522,26.693693161010742,30.351186752319336,27.229965209960938,41.27946243054393,33.414136478466155,-0.16898858547210693,0.17346280813217163,0.001
9,27.107879939832184,26.622669982910157,28.752185821533203,27.133207321166992,35.69330759443918,32.658337627649736,0.12599128484725952,0.2104310393333435,0.001
10,25.773503554494756,23.080027389526368,27.32218360900879,23.581371307373047,35.02658030874553,33.47443746901787,0.15833806991577148,0.17047691345214844,0.001
11,26.749690607974404,20.33658676147461,26.050447463989258,20.86929702758789,35.84804593643756,31.224903008193536,0.1183968186378479,0.2782212495803833,0.001
12,21.4872757761102,18.511257553100585,22.78922462463379,19.004465103149414,32.6434147922192,29.234810300406966,0.26897311210632324,0.36729323863983154,0.001
13,20.48160783868087,17.977120780944823,20.83820152282715,18.421724319458008,29.85987886316112,27.476142660994896,0.3883284330368042,0.44112664461135864,0.001
14,21.873849718194258,28.010126495361327,20.30369758605957,28.50223159790039,30.206884506384156,40.63272312406052,0.3740292191505432,-0.22223234176635742,0.001
15,24.432780767741956,20.442918014526366,26.098739624023438,20.985055923461914,35.4888709448117,29.418555641221154,0.1359744668006897,0.3593149185180664,0.001
16,19.38354878676565,17.204044342041016,20.79962921142578,17.685834884643555,30.24567779684603,26.542080846536177,0.37242037057876587,0.47847896814346313,0.001
17,19.907622287147923,15.296166038513183,21.093751907348633,15.747855186462402,31.118750745317826,25.09360163016536,0.3356660008430481,0.5338476300239563,0.001
18,16.16360059223677,15.628684043884277,17.478073120117188,16.095333099365234,26.25168916626188,26.774229680795674,0.5272226333618164,0.46931612491607666,0.001
19,17.262310028076172,19.111488342285156,17.003393173217773,19.500606536865234,26.135553154120824,29.56057881409325,0.5313964486122131,0.35311394929885864,0.001
20,19.797126117505524,15.006966400146485,20.04781150817871,15.452642440795898,29.459997954721374,24.378362648662183,0.40460169315338135,0.5600422620773315,0.001
21,17.24378386296724,14.981694602966309,18.551603317260742,15.447831153869629,27.25367530045833,25.209620452892707,0.49044346809387207,0.5295271873474121,0.001
22,15.975780336480392,15.13874797821045,17.12639808654785,15.580907821655273,26.22945042932121,25.89718605573719,0.528023362159729,0.5035139322280884,0.001
23,15.455232018702908,15.235554695129395,16.734800338745117,15.707865715026855,25.508045797172016,26.886358655241533,0.5536283850669861,0.4648618698120117,0.001
24,15.890275403072959,15.31149787902832,16.656404495239258,15.77413558959961,25.62490710730114,26.792642705134558,0.5495290756225586,0.4685859680175781,0.001
25,18.341616781134356,18.03021831512451,18.776613235473633,18.488157272338867,28.155793689074347,30.153894014185795,0.4561517834663391,0.3268858790397644,0.001
26,20.938656192076834,15.22907600402832,22.403785705566406,15.703595161437988,31.439718058246502,25.551360223623004,0.32189106941223145,0.5166853666305542,0.001
27,15.685560075860275,15.468445777893066,16.78415870666504,15.91476058959961,25.51728504244721,25.893396002513242,0.5533050298690796,0.5036592483520508,0.001
28,17.623816239206416,16.15784320831299,17.93871307373047,16.584409713745117,27.694527933174925,28.176879235243565,0.4738251566886902,0.41225671768188477,0.001
29,16.988742125661748,16.281146621704103,17.794462203979492,16.741239547729492,27.00687914210181,26.01497277710953,0.499630331993103,0.4989873766899109,0.001
30,17.19975963391756,15.705304527282715,17.70703887939453,16.197580337524414,25.995367958031245,24.094513758565842,0.5364099144935608,0.570227861404419,0.001
31,18.33505670647872,16.002672958374024,17.40444564819336,16.4645938873291,25.835475644117963,24.5142581478425,0.5420953035354614,0.5551235675811768,0.001
32,14.31840138843185,15.268635749816895,15.533774375915527,15.719159126281738,23.144975272639496,25.500078986550463,0.632501482963562,0.5186234712600708,0.001
33,14.602659965816297,15.565661430358887,15.804965019226074,16.020959854125977,24.19919447385788,24.34897072749239,0.5982609987258911,0.5611025094985962,0.0005
34,14.253960684726113,17.011384963989258,15.186149597167969,17.429412841796875,23.408916163655064,25.318723916534946,0.6240718960762024,0.5254461169242859,0.0005
35,13.479335977793916,15.814471626281739,14.64893627166748,16.255735397338867,22.69937571200679,24.997966225869007,0.6465157866477966,0.5373939871788025,0.0005
36,14.26595361609208,15.916862678527831,14.474063873291016,16.35487937927246,22.259714813187816,25.736993263892053,0.6600763201713562,0.509637176990509,0.0005
37,13.312831401824951,16.582443618774413,14.412586212158203,17.00727081298828,22.257722007538053,25.207247657621334,0.6601371765136719,0.5296157598495483,0.0005
38,12.87956993203414,16.06718215942383,13.221565246582031,16.49959373474121,20.58757998665776,25.474916575167008,0.7092278599739075,0.5195729732513428,0.0005
39,13.072579434043483,16.847584533691407,13.492963790893555,17.2750301361084,21.178246562012784,25.51788779770477,0.6923037767410278,0.5179508328437805,0.0005
40,12.636381350065532,16.718399810791016,13.66544246673584,17.1513671875,21.522569742035483,25.677315356668057,0.6822171807289124,0.5119086503982544,0.0005
41,12.331952622062282,16.135978126525877,13.323164939880371,16.553709030151367,20.557546836468443,24.544114859141896,0.7100756168365479,0.5540392398834229,0.0005
